doi,url,title,journal,publisher,year,vol,issue,Include,Location Appropriate,# Coords,Coord Type,Coordinate Text,Comments,RE_Lat,RE_Long
10.1371/journal.pone.0119922,https://dx.doi.org/10.1371/journal.pone.0119922,Quantifying Patterns of Change in Marine Ecosystem Response to Multiple Pressures,PLoS ONE,PLoS,2015,10,3,1,Y,0,region,Northeast Shelf Large Marine Ecosystem (NES LME),,40.26934,-73.49683
10.1371/journal.pone.0053139,https://dx.doi.org/10.1371/journal.pone.0053139,The 50 Most Important Questions Relating to the Maintenance and Restoration of an Ecological Continuum in the European Alps,PLoS ONE,PLoS,2013,8,1,1,Y,0,sub-continent,"The European Alps span eight countries, from the Mediterranean shores of Southern France to Slovenia and link with adjacent mountain ranges such as the Carpathians, Balkans and Apennines.",,47.02853,9.66108
10.1371/journal.pone.0030463,https://dx.doi.org/10.1371/journal.pone.0030463,"Informatics Technology Mimics Ecology: Dense, Mutualistic Collaboration Networks Are Associated with Higher Publication Rates",PLoS ONE,PLoS,2012,7,1,1,N,0,,,,,
10.1371/journal.pone.0147058,https://dx.doi.org/10.1371/journal.pone.0147058,Human-Induced Landscape Changes Homogenize Atlantic Forest Bird Assemblages through Nested Species Loss,PLoS ONE,PLoS,2016,11,2,1,Y,2,Bounding Box,"state of Paraná, southern Brazil, which is located between latitudes 22°29’30”S and 26°42’59”S; and longitudes 48°02’24”W and 54°37’38”W",,-24.5,-51
10.1371/journal.pone.0111883,https://dx.doi.org/10.1371/journal.pone.0111883,Local and Regional Effects on Community Structure of Dung Beetles in a Mainland-Island Scenario,PLoS ONE,PLoS,2014,0,10,1,Y,4,Point,"On the island, the study areas were within the Lagoa do Peri Municipal Park (PER, 27¡43_30_S, 48¡32_18_W) and the Permanent Protection Area of Ratones (RAT, 27¡31_52_S, 48¡30_45_W). On the mainland, the areas sampled were within the Environmental Protection Area of Anhatomirim in Governador Celso Ramos city (ANH, 27¡25_1_S, 48¡34_25_W), and in Permanent Protection Area in Itapema city (ITA, 27¡05_13_S, 48¡35_54_W).Ê",,-27.725,-48.53833
10.1371/journal.pone.0102437,https://dx.doi.org/10.1371/journal.pone.0102437,Combining Aesthetic with Ecological Values for Landscape Sustainability,PLoS ONE,PLoS,2014,9,7,1,Y,1,Bounding Box,"The Houguanhu Region (113°41′–114°13′E, 30°15′–30°41′N) lies within the southwestern Wuhan city of Hubei Province in central China",,30.50445,114.06645
10.1371/journal.pone.0060756,https://dx.doi.org/10.1371/journal.pone.0060756,Impacts of Intensive Logging on the Trophic Organisation of Ant Communities in a Biodiversity Hotspot,PLoS ONE,PLoS,2013,8,4,1,Y,1,point,"(4¡ 58_N, 117¡ 48_E",,4.96667,117.8
10.1371/journal.pone.0049024,https://dx.doi.org/10.1371/journal.pone.0049024,"The Relationship between Species Richness and Evenness in Plant Communities along a Successional Gradient: A Study from Sub-Alpine Meadows of the Eastern Qinghai-Tibetan Plateau, China",PLoS ONE,PLoS,2012,0,11,1,Y,1,point,"34¡55_N, 102¡53_E;",,34.91667,102.88333
10.1371/journal.pone.0027785,https://dx.doi.org/10.1371/journal.pone.0027785,Forest Fragmentation and Selective Logging Have Inconsistent Effects on Multiple Animal-Mediated Ecosystem Processes in a Tropical Forest,PLoS ONE,PLoS,2011,6,11,1,Y,1,bounding Box,"Kakamega Forest in western Kenya (0¡07_Ð0¡27_ N, 34¡46_Ð34¡57_ E)",,0.45,34.76667
10.1371/journal.pone.0038970,https://dx.doi.org/10.1371/journal.pone.0038970,Uncovering Ecosystem Service Bundles through Social Preferences,PLoS ONE,PLoS,2012,7,6,1,Y,0,country,The research was conducted at eight sites in the Iberian Peninsula,,40.84959,-4.12061
10.1371/journal.pone.0021972,https://dx.doi.org/10.1371/journal.pone.0021972,"Effects of Total Resources, Resource Ratios, and Species Richness on Algal Productivity and Evenness at Both Metacommunity and Local Scales",PLoS ONE,PLoS,2011,6,7,1,Y,1,point,"latitude 50¡ 55_ 48_, longitude 6¡ 55_ 12_",,50.93,6.92
10.1371/journal.pone.0112436,https://dx.doi.org/10.1371/journal.pone.0112436,The Soil Biota Composition along a Progressive Succession of Secondary Vegetation in a Karst Area,PLoS ONE,PLoS,2014,9,11,1,Y,1,bounding Box,"This study was carried out at the Huanjiang Observation and Research Station for Karst Ecosystems (107°51′–108°43′E, 24°44′–25°33′N), Chinese Academy of Sciences (CAS), Guangxi Province, China",,25,108.25
10.1371/journal.pone.0154026,https://dx.doi.org/10.1371/journal.pone.0154026,Relationship of Productivity to Species Richness in the Xinjiang Temperate Grassland,PLoS ONE,PLoS,2016,11,4,1,Y,1,bounding Box,The study area ranges from 34¡25_N to 48¡10_N in latitude and from 73¡40_E to 96¡18_E in longitude,,40.15464,85.93189
10.1371/journal.pone.0150520,https://dx.doi.org/10.1371/journal.pone.0150520,Past Human Disturbance Effects upon Biodiversity are Greatest in the Canopy; A Case Study on Rainforest Butterflies,PLoS ONE,PLoS,2016,11,3,1,Y,1,point,71¡23Õ28ÓW 12¡47Õ21ÓS,,-12.78917,-71.39111
10.1371/journal.pone.0118580,https://dx.doi.org/10.1371/journal.pone.0118580,Natural Shorelines Promote the Stability of Fish Communities in an Urbanized Coastal System,PLoS ONE,PLoS,2015,10,6,1,Y,0,Point,"Mobile Bay, Alabama",,30.4548,-87.99119
10.1371/journal.pone.0123160,https://dx.doi.org/10.1371/journal.pone.0123160,Responses of Plant Community Composition and Biomass Production to Warming and Nitrogen Deposition in a Temperate Meadow Ecosystem,PLoS ONE,PLoS,2015,10,4,1,Y,1,point,"44¡45_N, 123¡45_E",,44.75,123.75
10.1371/journal.pone.0123030,https://dx.doi.org/10.1371/journal.pone.0123030,Scale-Dependence of Processes Structuring Dung Beetle Metacommunities Using Functional Diversity and Community Deconstruction Approaches,PLoS ONE,PLoS,2015,10,3,1,Y,4,point,"Ê27¼25Õ1ÓS, 48¼34Õ25ÓW), and the other in a Permanent Protection Area in the municipality of Itapema (ITA, 27¼05Õ13ÓS, 48¼35Õ54ÓW). On the island, one study areas lies within the Lagoa do Peri Municipal Park (PER, 27¡43Õ30ÓS, 48¡32Õ18ÓW) and the other in the Permanent Protection Area of Ratones (RAT, 27¡31Õ52ÓS, 48¡30Õ45ÓW",,-27.41694,-48.57361
10.1371/journal.pone.0085513,https://dx.doi.org/10.1371/journal.pone.0085513,Contributions of Understory and/or Overstory Vegetations to Soil Microbial PLFA and Nematode Diversities in Eucalyptus Monocultures,PLoS ONE,PLoS,2014,9,1,1,Y,1,point,"112¡50_E, 22¡34_N",,22.56667,112.83333
10.1371/journal.pone.0084568,https://dx.doi.org/10.1371/journal.pone.0084568,Loss of Rare Fish Species from Tropical Floodplain Food Webs Affects Community Structure and Ecosystem Multifunctionality in a Mesocosm Experiment,PLoS ONE,PLoS,2014,9,1,1,Y,0,region,"Upper Paraná River Floodplain Long Term Ecological Research (LTER) program’s field station located at the Upper Paraná River floodplain, Brazil.",,-22.91516,-53.65354
10.1371/journal.pone.0082792,https://dx.doi.org/10.1371/journal.pone.0082792,Relationships between Plant Diversity and the Abundance and α-Diversity of Predatory Ground Beetles (Coleoptera: Carabidae) in a Mature Asian Temperate Forest Ecosystem,PLoS ONE,PLoS,2013,8,12,1,Y,1,bounding Box,"Changbai Mountain (E 127¡43_ Ð128¡16_; N 41¡41_ Ð42¡51_) in Jilin Province, North-eastern China",,42.275,127.9916667
10.1371/journal.pone.0066650,https://dx.doi.org/10.1371/journal.pone.0066650,Complex Effects of Ecosystem Engineer Loss on Benthic Ecosystem Response to Detrital Macroalgae,PLoS ONE,PLoS,2013,8,6,1,Y,1,point,"51¡ 37_ 00__ N, 4¡ 01_ 00__ E",,51.61667,4.01667
10.1371/journal.pone.0058432,https://dx.doi.org/10.1371/journal.pone.0058432,"Effect of Degradation Intensity on Grassland Ecosystem Services in the Alpine Region of Qinghai-Tibetan Plateau, China",PLoS ONE,PLoS,2013,8,3,1,Y,0,region,"Dawu Village, Maqin Country of Guoluo Tibetan Autonomous Prefecture, Qinghai Province, China",,34.50019,100.24047
10.1371/journal.pone.0052821,https://dx.doi.org/10.1371/journal.pone.0052821,Testing the Link between Functional Diversity and Ecosystem Functioning in a Minnesota Grassland Experiment,PLoS ONE,PLoS,2012,7,12,1,Y,0,Point,"Cedar Creek Natural History area, a National Science Foundation, Long-Term Ecological Research site in Minnesota, USA (lat. 45° N, Long. 93° W)",,45,-93
10.1371/journal.pone.0053009,https://dx.doi.org/10.1371/journal.pone.0053009,Resilience in Plant-Herbivore Networks during Secondary Succession,PLoS ONE,PLoS,2012,7,12,1,Y,1,bounding Box,"Chamela-Cuixmala Biosphere Reserve (CCBR, 19¡22_Ð19¡39_N, 104¡56_Ð105¡10_W)",,19.65,104.93333
10.1371/journal.pone.0042354,https://dx.doi.org/10.1371/journal.pone.0042354,"Temporal-Spatial Variation and Controls of Soil Respiration in Different Primary Succession Stages on Glacier Forehead in Gongga Mountain, China",PLoS ONE,PLoS,2012,7,8,1,Y,1,bounding Box,"Gongga Mountain (29¡20_Ð30¡20_N, 101¡30_Ð102¡15_E",,30.33333,101.5
10.1371/journal.pone.0040679,https://dx.doi.org/10.1371/journal.pone.0040679,Low Functional β-Diversity Despite High Taxonomic β-Diversity among Tropical Estuarine Fish Communities,PLoS ONE,PLoS,2012,7,7,1,Y,1,bounding Box,a 150-km long transect (18¡37_16NÐ92¡42_28W to 18¡30_20NÐ91¡28_03W),,18.62111,-92.70778
10.1371/journal.pone.0036196,https://dx.doi.org/10.1371/journal.pone.0036196,Effects of Trophic Skewing of Species Richness on Ecosystem Functioning in a Diverse Marine Community,PLoS ONE,PLoS,2012,7,5,1,Y,0,Point," University of North Carolina at Chapel Hill’s Institute of Marine Sciences (IMS) in Morehead City, NC",,34.72371,-76.75217
10.1371/journal.pone.0030506,https://dx.doi.org/10.1371/journal.pone.0030506,Predicting Tropical Dry Forest Successional Attributes from Space: Is the Key Hidden in Image Texture?,PLoS ONE,PLoS,2012,7,2,1,Y,1,point,"16¡39.49_N, 95¡0.66_W",,16.65817,-95.011
10.1371/journal.pone.0024107,https://dx.doi.org/10.1371/journal.pone.0024107,Assessing Natural Resource Use by Forest-Reliant Communities in Madagascar Using Functional Diversity and Functional Redundancy Metrics,PLoS ONE,PLoS,2011,6,9,1,Y,1,bounding Box,Ranomafana National Park (RNP) is located between 47¡ 18_Ð47¡ 37_E and 21¡ 02_Ð21¡ 25 SÊ,,-21.26386,47.41932
10.1371/journal.pone.0020078,https://dx.doi.org/10.1371/journal.pone.0020078,Hierarchical Plant Responses and Diversity Loss after Nitrogen Addition: Testing Three Functionally-Based Hypotheses in the Inner Mongolia Grassland,PLoS ONE,PLoS,2011,6,5,1,Y,1,point,"E 116¡42_, N 43¡38_,",,43.63333,116.7
10.1371/journal.pone.0017476,https://dx.doi.org/10.1371/journal.pone.0017476,Functional Structure of Biological Communities Predicts Ecosystem Multifunctionality,PLoS ONE,PLoS,2011,6,3,1,Y,0,Point,German site of the BIODEPTH project,,49.91679,11.58337
10.1371/journal.pone.0013666,https://dx.doi.org/10.1371/journal.pone.0013666,Beyond the Fragmentation Threshold Hypothesis: Regime Shifts in Biodiversity Across Fragmented Landscapes,PLoS ONE,PLoS,2010,5,10,1,Y,0,region," Atlantic Plateau of São Paulo, Brazil",,-23.933,-47.5
10.1371/journal.pone.0013382,https://dx.doi.org/10.1371/journal.pone.0013382,Diversity Promotes Temporal Stability across Levels of Ecosystem Organization in Experimental Grasslands,PLoS ONE,PLoS,2010,5,10,1,Y,1,point,"50¡57_3.09_N, 11¡37_23.49_E",,50.95086,11.62319
10.1371/journal.pone.0146228,https://dx.doi.org/10.1371/journal.pone.0146228,Response of a Wild Edible Plant to Human Disturbance: Harvesting Can Enhance the Subsequent Yield of Bamboo Shoots,PLoS ONE,PLoS,2015,10,12,1,Y,1,point,"45¡03ÕN, 142¡07ÕE",,45.05,142.11667
10.1371/journal.pone.0138696,https://dx.doi.org/10.1371/journal.pone.0138696,Understanding the Spatio-Temporal Response of Coral Reef Fish Communities to Natural Disturbances: Insights from Beta-Diversity Decomposition,PLoS ONE,PLoS,2015,10,9,1,Y,0,region,coral communities of Moorea Island (French Polynesia),,-17.48352,-149.83937
10.1371/journal.pone.0106529,https://dx.doi.org/10.1371/journal.pone.0106529,Plant Diversity Impacts Decomposition and Herbivory via Changes in Aboveground Arthropods,PLoS ONE,PLoS,2014,9,9,1,Y,1,point,"50¡55_ N, 11¡35_ E",,50.91667,11.58333
10.1371/journal.pone.0104060,https://dx.doi.org/10.1371/journal.pone.0104060,A New Measure of Functional Evenness and Some of Its Properties,PLoS ONE,PLoS,2014,9,8,1,Y,0,point,Ticino near Locarno (southern Switzerland).,,46.36423,8.79557
10.1371/journal.pone.0083407,https://dx.doi.org/10.1371/journal.pone.0083407,Long-Term Functional Dynamics of an Aphidophagous Coccinellid Community Remain Unchanged despite Repeated Invasions,PLoS ONE,PLoS,2013,8,12,1,Y,1,point,"42¡24ÕN, 85¡24ÕW",,42.4,-85.4
10.1371/journal.pone.0066653,https://dx.doi.org/10.1371/journal.pone.0066653,Assessing the Response of Nematode Communities to Climate Change-Driven Warming: A Microcosm Experiment,PLoS ONE,PLoS,2013,8,6,1,Y,1,point,N: 31° 33.527; W: 114° 17.866,,31.5,-114.25
10.1371/journal.pone.0000295,https://dx.doi.org/10.1371/journal.pone.0000295,Invasions and Extinctions Reshape Coastal Marine Food Webs,PLoS ONE,PLoS,2007,2,3,1,Y,0,region,Australia,,-32.79124,132.52153
10.1371/journal.pone.0000295,https://dx.doi.org/10.1371/journal.pone.0000295,Invasions and Extinctions Reshape Coastal Marine Food Webs,PLoS ONE,PLoS,2007,2,3,1,Y,0,region,Sanfrancisco Bay,,37.69981,-122.31039
10.1371/journal.pone.0000295,https://dx.doi.org/10.1371/journal.pone.0000295,Invasions and Extinctions Reshape Coastal Marine Food Webs,PLoS ONE,PLoS,2007,2,3,1,Y,0,region,Wadden Sea,,53.6507,6.95659
10.1371/journal.pone.0000295,https://dx.doi.org/10.1371/journal.pone.0000295,Invasions and Extinctions Reshape Coastal Marine Food Webs,PLoS ONE,PLoS,2007,2,3,1,Y,0,region,Gulf of the Farallones National Marine Sanctuary,,37.84701,-122.98899
10.1371/journal.pone.0154613,https://dx.doi.org/10.1371/journal.pone.0154613,The Relationship between Habitat Loss and Fragmentation during Urbanization: An Empirical Evaluation from 16 World Cities,PLoS ONE,PLoS,2016,11,4,1,Y,0,region,Algiers,,36.7599,3.05796
10.1371/journal.pone.0154613,https://dx.doi.org/10.1371/journal.pone.0154613,The Relationship between Habitat Loss and Fragmentation during Urbanization: An Empirical Evaluation from 16 World Cities,PLoS ONE,PLoS,2016,11,4,1,Y,0,region,Beijing,,39.89852,116.38644
10.1371/journal.pone.0154613,https://dx.doi.org/10.1371/journal.pone.0154613,The Relationship between Habitat Loss and Fragmentation during Urbanization: An Empirical Evaluation from 16 World Cities,PLoS ONE,PLoS,2016,11,4,1,Y,0,region,Beunos Aires,,-34.61015,-58.44532
10.1371/journal.pone.0154613,https://dx.doi.org/10.1371/journal.pone.0154613,The Relationship between Habitat Loss and Fragmentation during Urbanization: An Empirical Evaluation from 16 World Cities,PLoS ONE,PLoS,2016,11,4,1,Y,0,region,Cairo,,30.04775,31.23477
10.1371/journal.pone.0154613,https://dx.doi.org/10.1371/journal.pone.0154613,The Relationship between Habitat Loss and Fragmentation during Urbanization: An Empirical Evaluation from 16 World Cities,PLoS ONE,PLoS,2016,11,4,1,Y,0,region,Guatemala City,,14.6302,-90.51145
10.1371/journal.pone.0154613,https://dx.doi.org/10.1371/journal.pone.0154613,The Relationship between Habitat Loss and Fragmentation during Urbanization: An Empirical Evaluation from 16 World Cities,PLoS ONE,PLoS,2016,11,4,1,Y,0,region,Istanbul,,41.02363,29.03138
10.1371/journal.pone.0154613,https://dx.doi.org/10.1371/journal.pone.0154613,The Relationship between Habitat Loss and Fragmentation during Urbanization: An Empirical Evaluation from 16 World Cities,PLoS ONE,PLoS,2016,11,4,1,Y,0,region,London,,51.51489,-0.12564
10.1371/journal.pone.0154613,https://dx.doi.org/10.1371/journal.pone.0154613,The Relationship between Habitat Loss and Fragmentation during Urbanization: An Empirical Evaluation from 16 World Cities,PLoS ONE,PLoS,2016,11,4,1,Y,0,region,Manila,,14.60347,120.97424
10.1371/journal.pone.0154613,https://dx.doi.org/10.1371/journal.pone.0154613,The Relationship between Habitat Loss and Fragmentation during Urbanization: An Empirical Evaluation from 16 World Cities,PLoS ONE,PLoS,2016,11,4,1,Y,0,region,Mexico City,,19.44378,-99.13126
10.1371/journal.pone.0154613,https://dx.doi.org/10.1371/journal.pone.0154613,The Relationship between Habitat Loss and Fragmentation during Urbanization: An Empirical Evaluation from 16 World Cities,PLoS ONE,PLoS,2016,11,4,1,Y,0,region,Moscow,,55.75733,37.64088
10.1371/journal.pone.0154613,https://dx.doi.org/10.1371/journal.pone.0154613,The Relationship between Habitat Loss and Fragmentation during Urbanization: An Empirical Evaluation from 16 World Cities,PLoS ONE,PLoS,2016,11,4,1,Y,0,region,Mumbai,,19.09063,72.87225
10.1371/journal.pone.0154613,https://dx.doi.org/10.1371/journal.pone.0154613,The Relationship between Habitat Loss and Fragmentation during Urbanization: An Empirical Evaluation from 16 World Cities,PLoS ONE,PLoS,2016,11,4,1,Y,0,region,Paris,,48.862,2.34772
10.1371/journal.pone.0154613,https://dx.doi.org/10.1371/journal.pone.0154613,The Relationship between Habitat Loss and Fragmentation during Urbanization: An Empirical Evaluation from 16 World Cities,PLoS ONE,PLoS,2016,11,4,1,Y,0,region,Warsaw,,52.23201,21.02136
10.1371/journal.pone.0154613,https://dx.doi.org/10.1371/journal.pone.0154613,The Relationship between Habitat Loss and Fragmentation during Urbanization: An Empirical Evaluation from 16 World Cities,PLoS ONE,PLoS,2016,11,4,1,Y,0,region,Santiago,,-33.45782,-70.65387
10.1371/journal.pone.0154613,https://dx.doi.org/10.1371/journal.pone.0154613,The Relationship between Habitat Loss and Fragmentation during Urbanization: An Empirical Evaluation from 16 World Cities,PLoS ONE,PLoS,2016,11,4,1,Y,0,region,Shanghai,,31.10771,121.42316
10.1371/journal.pone.0154613,https://dx.doi.org/10.1371/journal.pone.0154613,The Relationship between Habitat Loss and Fragmentation during Urbanization: An Empirical Evaluation from 16 World Cities,PLoS ONE,PLoS,2016,11,4,1,Y,0,region,Sydney,,-33.86161,151.22445
10.1371/journal.pone.0152883,https://dx.doi.org/10.1371/journal.pone.0152883,The Impact of Fine-Scale Disturbances on the Predictability of Vegetation Dynamics and Carbon Flux,PLoS ONE,PLoS,2016,11,4,1,Y,0,point,La Selva Biological Station,,10.43086,-84.00697
10.1371/journal.pone.0152335,https://dx.doi.org/10.1371/journal.pone.0152335,The Point Count Transect Method for Estimates of Biodiversity on Coral Reefs: Improving the Sampling of Rare Species,PLoS ONE,PLoS,2016,11,3,1,Y,1,point,"145.44° E, 14.683° S",,-14.683,145.44
10.1371/journal.pone.0150111,https://dx.doi.org/10.1371/journal.pone.0150111,A Holistic Landscape Description Reveals That Landscape Configuration Changes More over Time than Composition: Implications for Landscape Ecology Studies,PLoS ONE,PLoS,2016,11,3,1,Y,1,Bounding Box,48°06’– 49°7’ N; 2°23’– 3°32’ W,,49.11667,2.38333
10.1371/journal.pone.0145598,https://dx.doi.org/10.1371/journal.pone.0145598,Assessing the Importance of Intraspecific Variability in Dung Beetle Functional Traits,PLoS ONE,PLoS,2016,11,3,1,Y,1,point,"0°53S, 52°36W",,-0.88333,-52.6
10.1371/journal.pone.0147909,https://dx.doi.org/10.1371/journal.pone.0147909,Time-Lag in Responses of Birds to Atlantic Forest Fragmentation: Restoration Opportunity and Urgency,PLoS ONE,PLoS,2016,11,1,1,Y,1,point,"52°29’29”W, 22°24’09”S",,-22.4025,-52.49139
10.1371/journal.pone.0141387,https://dx.doi.org/10.1371/journal.pone.0141387,Nature and Age of Neighbours Matter: Interspecific Associations among Tree Species Exist and Vary across Life Stages in Tropical Forests,PLoS ONE,PLoS,2015,10,11,1,Y,1,point,"4°35?S, 79°42?W",,-4.58333,-79.7
10.1371/journal.pone.0142784,https://dx.doi.org/10.1371/journal.pone.0142784,Interactions between Canopy Structure and Herbaceous Biomass along Environmental Gradients in Moist Forest and Dry Miombo Woodland of Tanzania,PLoS ONE,PLoS,2015,10,11,1,Y,1,point,"Latitude: -4.44°, Longitude: 35.40°",,-4.44,35.4
10.1371/journal.pone.0141559,https://dx.doi.org/10.1371/journal.pone.0141559,Sampling and Complementarity Effects of Plant Diversity on Resource Use Increases the Invasion Resistance of Communities,PLoS ONE,PLoS,2015,10,11,1,Y,0,region,mountain area of Taizhou city in Zhejiang province of China,,28.84914,120.94068
10.1371/journal.pone.0141899,https://dx.doi.org/10.1371/journal.pone.0141899,"Functional Trait Changes, Productivity Shifts and Vegetation Stability in Mountain Grasslands during a Short-Term Warming",PLoS ONE,PLoS,2015,10,10,1,Y,1,point,"1·993°E, 42·276°N",,42.276,1.993
10.1371/journal.pone.0140423,https://dx.doi.org/10.1371/journal.pone.0140423,Ecosystem Services and Biodiversity in a Rapidly Transforming Landscape in Northern Borneo,PLoS ONE,PLoS,2015,10,10,1,Y,1,point,"1°08'57"" N, 112°15'37"" E",,1.14917,112.26028
10.1371/journal.pone.0139031,https://dx.doi.org/10.1371/journal.pone.0139031,Effects of Previous Land-Use on Plant Species Composition and Diversity in Mediterranean Forests,PLoS ONE,PLoS,2015,10,9,1,Y,1,bounding Box,"between 42.32 N and 42.11 N, and 0.31 W and 0.04 W",,42.21,-0.175
10.1371/journal.pone.0137569,https://dx.doi.org/10.1371/journal.pone.0137569,"The Oldest, Slowest Rainforests in the World? Massive Biomass and Slow Carbon Dynamics of Fitzroya cupressoides Temperate Forests in Southern Chile",PLoS ONE,PLoS,2015,10,9,1,Y,2,point,40° 10’ S- 73° 26’ W  41° 32’ S- 72° 35’ W,,-40.63333,-73.6
10.1371/journal.pone.0136040,https://dx.doi.org/10.1371/journal.pone.0136040,Plant Functional Diversity Can Be Independent of Species Diversity: Observations Based on the Impact of 4-Yrs of Nitrogen and Phosphorus Additions in an Alpine Meadow,PLoS ONE,PLoS,2015,10,8,1,Y,1,point,"N 33°58?, E101°53?",,33.96667,101.88333
10.1371/journal.pone.0135917,https://dx.doi.org/10.1371/journal.pone.0135917,Relationships between Spatial Metrics and Plant Diversity in Constructed Freshwater Wetlands,PLoS ONE,PLoS,2015,10,8,1,Y,1,point,"41°17'38” N, 82°13'03” W",,41.29389,-82.2175
10.1371/journal.pone.0134560,https://dx.doi.org/10.1371/journal.pone.0134560,Niche and Neutral Processes Together Determine Diversity Loss in Response to Fertilization in an Alpine Meadow Community,PLoS ONE,PLoS,2015,10,8,1,Y,1,point,"N 33°58?, E101°53?",,33.96667,101.88333
10.1371/journal.pone.0134665,https://dx.doi.org/10.1371/journal.pone.0134665,Modelling Hotspots for Invasive Alien Plants in India,PLoS ONE,PLoS,2015,10,7,1,Y,0,country,India,,22.95278,79.17628
10.1371/journal.pone.0133276,https://dx.doi.org/10.1371/journal.pone.0133276,Zoogeography of South American Forest-Dwelling Bats: Disjunct Distributions or Sampling Deficiencies?,PLoS ONE,PLoS,2015,10,7,1,Y,0,sub-continent,South America,,-5.91647,-59.37893
10.1371/journal.pone.0118403,https://dx.doi.org/10.1371/journal.pone.0118403,Operational Tree Species Mapping in a Diverse Tropical Forest with Airborne Imaging Spectroscopy,PLoS ONE,PLoS,2015,10,7,1,Y,0,point,Barro Colorado Island,,9.15369,-79.84683
10.1371/journal.pone.0128923,https://dx.doi.org/10.1371/journal.pone.0128923,Birds in Anthropogenic Landscapes: The Responses of Ecological Groups to Forest Loss in the Brazilian Atlantic Forest,PLoS ONE,PLoS,2015,10,6,1,Y,1,point,15° 28’S and 39° 15’W,,-15.46667,-39.25
10.1371/journal.pone.0127093,https://dx.doi.org/10.1371/journal.pone.0127093,Biomass Increases Go under Cover: Woody Vegetation Dynamics in South African Rangelands,PLoS ONE,PLoS,2015,10,5,1,Y,0,region,"Bushbuckridge, South Africa",,-24.76202,31.16088
10.1371/journal.pone.0125300,https://dx.doi.org/10.1371/journal.pone.0125300,Impact of Precipitation Patterns on Biomass and Species Richness of Annuals in a Dry Steppe,PLoS ONE,PLoS,2015,10,4,1,Y,1,point,"116°42?E, 43° 36?N",,43.6,116.7
10.1371/journal.pone.0121444,https://dx.doi.org/10.1371/journal.pone.0121444,Environmental Gap Analysis to Prioritize Conservation Efforts in Eastern Africa,PLoS ONE,PLoS,2015,10,4,1,Y,0,country,Kenya,,0.57156,37.82787
10.1371/journal.pone.0121444,https://dx.doi.org/10.1371/journal.pone.0121444,Environmental Gap Analysis to Prioritize Conservation Efforts in Eastern Africa,PLoS ONE,PLoS,2015,10,4,1,Y,0,country,Malawi,,-13.53783,34.06193
10.1371/journal.pone.0121444,https://dx.doi.org/10.1371/journal.pone.0121444,Environmental Gap Analysis to Prioritize Conservation Efforts in Eastern Africa,PLoS ONE,PLoS,2015,10,4,1,Y,0,country,Rwanda,,-1.98199,29.9407
10.1371/journal.pone.0121444,https://dx.doi.org/10.1371/journal.pone.0121444,Environmental Gap Analysis to Prioritize Conservation Efforts in Eastern Africa,PLoS ONE,PLoS,2015,10,4,1,Y,0,country,Tanzania,,-6.26601,35.04146
10.1371/journal.pone.0121444,https://dx.doi.org/10.1371/journal.pone.0121444,Environmental Gap Analysis to Prioritize Conservation Efforts in Eastern Africa,PLoS ONE,PLoS,2015,10,4,1,Y,0,country,Uganda,,1.6314,32.69038
10.1371/journal.pone.0121444,https://dx.doi.org/10.1371/journal.pone.0121444,Environmental Gap Analysis to Prioritize Conservation Efforts in Eastern Africa,PLoS ONE,PLoS,2015,10,4,1,Y,0,country,Zambia,,-13.55508,27.90034
10.1371/journal.pone.0118837,https://dx.doi.org/10.1371/journal.pone.0118837,Inferring Resilience to Fragmentation-Induced Changes in Plant Communities in a Semi-Arid Mediterranean Ecosystem,PLoS ONE,PLoS,2015,10,3,1,Y,1,point,2°4’W 36°52’N,,36.86667,-2.06667
10.1371/journal.pone.0115038,https://dx.doi.org/10.1371/journal.pone.0115038,"Woody Species Diversity in Forest Plantations in a Mountainous Region of Beijing, China: Effects of Sampling Scale and Species Selection",PLoS ONE,PLoS,2014,9,12,1,Y,1,point,"39°57'53"" N and 115°26'05"" E",,39.96472,115.43472
10.1371/journal.pone.0114015,https://dx.doi.org/10.1371/journal.pone.0114015,The Importance of Microhabitat for Biodiversity Sampling,PLoS ONE,PLoS,2014,9,12,1,Y,1,point,8° 28? 50?N 83° 35? 20?W,,8.48056,-83.58889
10.1371/journal.pone.0113964,https://dx.doi.org/10.1371/journal.pone.0113964,Curvilinear Effects of Invasive Plants on Plant Diversity: Plant Community Invaded by Sphagneticola trilobata,PLoS ONE,PLoS,2014,9,11,1,Y,0,region,"Hainan Island, China",,19.17831,109.76803
10.1371/journal.pone.0111434,https://dx.doi.org/10.1371/journal.pone.0111434,Interspecific Neighbor Interactions Promote the Positive Diversity-Productivity Relationship in Experimental Grassland Communities,PLoS ONE,PLoS,2014,9,10,1,Y,1,point,"111°53? E, 23°26? N",,23.43333,111.88333
10.1371/journal.pone.0111742,https://dx.doi.org/10.1371/journal.pone.0111742,Patch Size and Isolation Predict Plant Species Density in a Naturally Fragmented Forest,PLoS ONE,PLoS,2014,9,10,1,Y,1,bounding Box,"19° 53?–21° 11? N, 90°28?–90°17?W",,21.18333,90.46667
10.1371/journal.pone.0107775,https://dx.doi.org/10.1371/journal.pone.0107775,Inorganic Nitrogen Supply and Dissolved Organic Nitrogen Abundance across the US Great Plains,PLoS ONE,PLoS,2014,9,9,1,Y,5,point,In Table,,40.81333,-104.71333
10.1371/journal.pone.0107792,https://dx.doi.org/10.1371/journal.pone.0107792,The Reduced Effectiveness of Protected Areas under Climate Change Threatens Atlantic Forest Tiger Moths,PLoS ONE,PLoS,2014,9,9,1,Y,0,region,Atlantic Forest Biodiversity Hotspot in Brazil,,-27.09326,-50.855444
10.1371/journal.pone.0075396,https://dx.doi.org/10.1371/journal.pone.0075396,Evaluating Ecosystem Services Provided by Non-Native Species: An Experimental Test in California Grasslands,PLoS ONE,PLoS,2014,9,9,1,Y,1,Point,"39° 15' N, 121° 17' W",,39.25,-121.28333
10.1371/journal.pone.0107126,https://dx.doi.org/10.1371/journal.pone.0107126,Accounting for Biomass Carbon Stock Change Due to Wildfire in Temperate Forest Landscapes in Australia,PLoS ONE,PLoS,2014,9,9,1,y,0,region,"Central Highlands of Victoria, Australia",,-37.5,146
10.1371/journal.pone.0105869,https://dx.doi.org/10.1371/journal.pone.0105869,Deforestation and Benthic Indicators: How Much Vegetation Cover Is Needed to Sustain Healthy Andean Streams?,PLoS ONE,PLoS,2014,9,8,1,Y,0,region,"Zamora River basin, located in the mountain forests in Ecuadorian southern Andes",,-4,-79.2
10.1371/journal.pone.0100646,https://dx.doi.org/10.1371/journal.pone.0100646,How Can We Identify and Communicate the Ecological Value of Deep-Sea Ecosystem Services?,PLoS ONE,PLoS,2014,9,7,1,Y,0,region,Nazaré Canyon on the Portuguese continental margin,,39.61541,-9.33587
10.1371/journal.pone.0101928,https://dx.doi.org/10.1371/journal.pone.0101928,Different Assembly Processes Drive Shifts in Species and Functional Composition in Experimental Grasslands Varying in Sown Diversity and Community History,PLoS ONE,PLoS,2014,9,7,1,Y,1,point,"50°55? N, 11°35? E",,50.91667,11.58333
10.1371/journal.pone.0102090,https://dx.doi.org/10.1371/journal.pone.0102090,Vulnerability of Mediterranean Ecosystems to Long-Term Changes along the Coast of Israel,PLoS ONE,PLoS,2014,9,7,1,Y,3,point,"32°54?N, 35°05?E;  32°58?N, 35°04?E; 32°54?N, 35°06?E",,32.9,35.08333
10.1371/journal.pone.0097910,https://dx.doi.org/10.1371/journal.pone.0097910,Biodiversity Mapping in a Tropical West African Forest with Airborne Hyperspectral Data,PLoS ONE,PLoS,2014,9,6,1,Y,2,point," N307591, E858452 (northeast) and N253197, E807411(southwest)",,7.68165,-10.84386
10.1371/journal.pone.0099385,https://dx.doi.org/10.1371/journal.pone.0099385,"Effects of Fertilization and Clipping on Carbon, Nitrogen Storage, and Soil Microbial Activity in a Natural Grassland in Southern China",PLoS ONE,PLoS,2014,9,6,1,Y,1,point,"110°56?E, 31°4?N",,31.06667,110.93333
10.1371/journal.pone.0098931,https://dx.doi.org/10.1371/journal.pone.0098931,Conserving Tropical Tree Diversity and Forest Structure: The Value of Small Rainforest Patches in Moderately-Managed Landscapes,PLoS ONE,PLoS,2014,9,6,1,Y,1,bounding Box,"16°04?–16°21?N, 90°40?–91°06?W",,16.35,90.66667
10.1371/journal.pone.0098454,https://dx.doi.org/10.1371/journal.pone.0098454,"Diversity and Communities of Foliar Endophytic Fungi from Different Agroecosystems of Coffea arabica L. in Two Regions of Veracruz, Mexico",PLoS ONE,PLoS,2014,9,6,1,Y,0,region,"Coatepec region, Veracruz, Mexico",,19.45507,-96.95911
10.1371/journal.pone.0098454,https://dx.doi.org/10.1371/journal.pone.0098454,"Diversity and Communities of Foliar Endophytic Fungi from Different Agroecosystems of Coffea arabica L. in Two Regions of Veracruz, Mexico",PLoS ONE,PLoS,2014,9,6,1,Y,0,region,"Huatusco region, Veracruz, Mexico",,19.1499,-96.97134
10.1371/journal.pone.0095938,https://dx.doi.org/10.1371/journal.pone.0095938,Scaling Relationships between Leaf Mass and Total Plant Mass across Chinese Forests,PLoS ONE,PLoS,2014,9,4,1,Y,0,region,Changbai Mountain Forest Ecosystem Research Station,,41.74558,127.96543
10.1371/journal.pone.0095890,https://dx.doi.org/10.1371/journal.pone.0095890,Which Models Are Appropriate for Six Subtropical Forests: Species-Area and Species-Abundance Models,PLoS ONE,PLoS,2014,9,4,1,Y,4,bounding Box,"(110°30?E, 25°56?N) (112°56?–113°4?E, 24°30?–24°48?N), (112°30?39?–112°33?41?E,23°09?21?–23°11?30? N) (114°05?–114°23?E,26°22?–26°48? N)",,25.93333,110.5
10.1371/journal.pone.0095081,https://dx.doi.org/10.1371/journal.pone.0095081,"The Efficacy of Landscape-Level Conservation in Changbai Mountain Biosphere Reserve, China",PLoS ONE,PLoS,2014,9,4,1,Y,1,bounding Box,"127°42?55?–128°16?48?E, 41°41?49?–42°25?18?N",,42.05833333,128
10.1371/journal.pone.0093733,https://dx.doi.org/10.1371/journal.pone.0093733,Facilitation Drives the Positive Effects of Plant Richness on Trace Metal Removal in a Biodiversity Experiment,PLoS ONE,PLoS,2014,9,4,1,Y,1,point,"(28°34?23?N, 120°53?44?E)",,28.57306,120.89556
10.1371/journal.pone.0092517,https://dx.doi.org/10.1371/journal.pone.0092517,Ammonium as a Driving Force of Plant Diversity and Ecosystem Functioning: Observations Based on 5 Years' Manipulation of N Dose and Form in a Mediterranean Ecosystem,PLoS ONE,PLoS,2014,9,4,1,Y,1,point,38°29?N - 9°1?W,,38.48333,-9.01667
10.1371/journal.pone.0090513,https://dx.doi.org/10.1371/journal.pone.0090513,Land Planarian Assemblages in Protected Areas of the Interior Atlantic Forest: Implications for Conservation,PLoS ONE,PLoS,2014,9,3,1,Y,2,point,"(25° 59? S, 54° 05? W) (26° 02? S, 53° 47? W)",,-25.98333,-54.08333
10.1371/journal.pone.0089084,https://dx.doi.org/10.1371/journal.pone.0089084,Identifying Priority Areas for Conservation and Management in Diverse Tropical Forests,PLoS ONE,PLoS,2014,9,2,1,Y,1,bounding Box,14°39?S to 20°24?S and 143°54?E to 147°30?E,,-20.4,143.9
10.1371/journal.pone.0081226,https://dx.doi.org/10.1371/journal.pone.0081226,Indigenous Burning as Conservation Practice: Neotropical Savanna Recovery amid Agribusiness Deforestation in Central Brazil,PLoS ONE,PLoS,2013,8,12,1,Y,0,region,"Pimentel Barbosa Indigenous Reserve, Mato Grosso State, Brazil",,-13.32286,-51.67988
10.1371/journal.pone.0082468,https://dx.doi.org/10.1371/journal.pone.0082468,Soil Nematode Responses to Increases in Nitrogen Deposition and Precipitation in a Temperate Forest,PLoS ONE,PLoS,2013,8,12,1,Y,2,bounding Box,"(41°23?–42°36?N, 126°55?–129°00?E), (42°24?N, 128°06?E)",,42.6,126.91667
10.1371/journal.pone.0082369,https://dx.doi.org/10.1371/journal.pone.0082369,Forest Loss and the Biodiversity Threshold: An Evaluation Considering Species Habitat Requirements and the Use of Matrix Habitats,PLoS ONE,PLoS,2013,8,12,1,Y,1,bounding Box,(N-S 13°00' -14°50' and E-W 39°00' -39°30') ,,-13,-14.83333
10.1371/journal.pone.0079799,https://dx.doi.org/10.1371/journal.pone.0079799,Ecology of Caribbean Sponges: Are Top-Down or Bottom-Up Processes More Important?,PLoS ONE,PLoS,2013,8,11,1,Y,1,point,"16° 48.16′ N, 88° 04.94′ W",,16.80267,-88.08233
10.1371/journal.pone.0075439,https://dx.doi.org/10.1371/journal.pone.0075439,Ecological Network Indicators of Ecosystem Status and Change in the Baltic Sea,PLoS ONE,PLoS,2013,8,10,1,Y,0,sub-continent,Baltic Sea,,58.76559,19.81744
10.1371/journal.pone.0074852,https://dx.doi.org/10.1371/journal.pone.0074852,Matrix Intensification Alters Avian Functional Group Composition in Adjacent Rainforest Fragments,PLoS ONE,PLoS,2013,8,9,1,Y,1,sub-continent,(3°5`W-1° 10`E; 4°35`N-11°N),,-0.95833,7.75
10.1371/journal.pone.0072201,https://dx.doi.org/10.1371/journal.pone.0072201,Variation in Carbon Storage and Its Distribution by Stand Age and Forest Type in Boreal and Temperate Forests in Northeastern China,PLoS ONE,PLoS,2013,8,8,1,Y,1,sub-continent,"41°42??53°34?N, 115°37??135°5?E",,53.56667,115.61667
10.1371/journal.pone.0071735,https://dx.doi.org/10.1371/journal.pone.0071735,Food-Web Structure in Relation to Environmental Gradients and Predator-Prey Ratios in Tank-Bromeliad Ecosystems,PLoS ONE,PLoS,2013,8,8,1,Y,0,country,French Guiana,,-4.5,-53
10.1371/journal.pone.0070547,https://dx.doi.org/10.1371/journal.pone.0070547,Ecosystem Health Assessment in the Pearl River Estuary of China by Considering Ecosystem Coordination,PLoS ONE,PLoS,2013,8,7,1,Y,1,bounding Box,"114°37?21?–113°06?48?E, 22°49?00?–22°48?53?N",,22.479669,113.752923
10.1371/journal.pone.0066238,https://dx.doi.org/10.1371/journal.pone.0066238,Large-Scale Variation in Combined Impacts of Canopy Loss and Disturbance on Community Structure and Ecosystem Functioning,PLoS ONE,PLoS,2013,8,6,1,Y,9,point,In Table,,56.33306,-2.77194
10.1371/journal.pone.0059356,https://dx.doi.org/10.1371/journal.pone.0059356,Forest Restoration and Parasitoid Wasp Communities in Montane Hawai’i,PLoS ONE,PLoS,2013,8,3,1,Y,0,region,Hakalau National Forest Wildlife Refuge,,19.80456,-155.32241
10.1371/journal.pone.0049618,https://dx.doi.org/10.1371/journal.pone.0049618,"Kinetic Energy of Throughfall in Subtropical Forests of SE China – Effects of Tree Canopy Structure, Functional Traits, and Biodiversity",PLoS ONE,PLoS,2013,8,2,1,Y,1,Point,N 29°14.657?and E 118°06.805?,,29.24428333,118.1134167
10.1371/journal.pone.0052071,https://dx.doi.org/10.1371/journal.pone.0052071,Nutrient Limitation on Ecosystem Productivity and Processes of Mature and Old-Growth Subtropical Forests in China,PLoS ONE,PLoS,2012,7,12,1,Y,2,bounding Box,"112°31? E to 112°34? E, 23°09? N to 23°12? N",,23.15,112.56667
10.1371/journal.pone.0049795,https://dx.doi.org/10.1371/journal.pone.0049795,Organism-Sediment Interactions Govern Post-Hypoxia Recovery of Ecosystem Functioning,PLoS ONE,PLoS,2012,7,11,1,Y,1,point,"51° 21? 24?? N, 3° 42? 51?? E",100,51.35667,3.71417
10.1371/journal.pone.0047192,https://dx.doi.org/10.1371/journal.pone.0047192,Can Joint Carbon and Biodiversity Management in Tropical Agroforestry Landscapes Be Optimized?,PLoS ONE,PLoS,2012,7,10,1,Y,1,point,"1°30?24?? S, 120°2?11?? E",,-1.50667,120.03639
10.1371/journal.pone.0045334,https://dx.doi.org/10.1371/journal.pone.0045334,Understanding Long-Term Variations in an Elephant Piosphere Effect to Manage Impacts,PLoS ONE,PLoS,2012,7,9,1,Y,1,point,"33°31’S, 25°45’E",,-33.51667,25.75
10.1371/journal.pone.0044925,https://dx.doi.org/10.1371/journal.pone.0044925,Community Biomass and Bottom up Multivariate Nutrient Complementarity Mediate the Effects of Bioturbator Diversity on Pelagic Production,PLoS ONE,PLoS,2012,7,9,1,Y,1,point,"lat 22°50'S, long 44°42'W",,-22.83333,-44.7
10.1371/journal.pone.0042833,https://dx.doi.org/10.1371/journal.pone.0042833,Hierarchical Reproductive Allocation and Allometry within a Perennial Bunchgrass after 11 Years of Nutrient Addition,PLoS ONE,PLoS,2012,7,9,1,Y,1,point,"E 116°42?, N 43°38?",,43.63333,116.7
10.1371/journal.pone.0043943,https://dx.doi.org/10.1371/journal.pone.0043943,Land Cover Change in Colombia: Surprising Forest Recovery Trends between 2001 and 2010,PLoS ONE,PLoS,2012,7,8,1,Y,0,country,Colombia,,3.51771,-72.97869
10.1371/journal.pone.0043626,https://dx.doi.org/10.1371/journal.pone.0043626,A Metacommunity Framework for Enhancing the Effectiveness of Biological Monitoring Strategies,PLoS ONE,PLoS,2012,7,8,1,Y,0,region,Thirty-nine sites located in the Atlantic Forest (state of São Paulo,,-23.86408,-46.70144
10.1371/journal.pone.0042524,https://dx.doi.org/10.1371/journal.pone.0042524,Bacterial Community Dynamics in Full-Scale Activated Sludge Bioreactors: Operational and Ecological Factors Driving Community Assembly and Performance,PLoS ONE,PLoS,2012,7,8,1,Y,2,point,"(18°14?53?N, 67°09?21?W),(18°09’59”N, 66°43?40?W)",,18.24806,-67.15583
10.1371/journal.pone.0041270,https://dx.doi.org/10.1371/journal.pone.0041270,Assemblage of a Semi-Arid Annual Plant Community: Abiotic and Biotic Filters Act Hierarchically,PLoS ONE,PLoS,2012,7,7,1,Y,1,point,40°02?N–3°37?W,,40.03333,-3.61667
10.1371/journal.pone.0037856,https://dx.doi.org/10.1371/journal.pone.0037856,Shorter Food Chain Length in Ancient Lakes: Evidence from a Global Synthesis,PLoS ONE,PLoS,2012,7,6,1,N,0,,,,,
10.1371/journal.pone.0029469,https://dx.doi.org/10.1371/journal.pone.0029469,Local-Scale Drivers of Tree Survival in a Temperate Forest,PLoS ONE,PLoS,2012,7,2,1,Y,1,bounding Box,"Changbai Nature Reserve, 127°42? to 128°17?E and 41°43? to 42°26?N",,42.16797,128.28539
10.1371/journal.pone.0029152,https://dx.doi.org/10.1371/journal.pone.0029152,Small-Scale Heterogeneity in Deep-Sea Nematode Communities around Biogenic Structures,PLoS ONE,PLoS,2011,6,12,1,Y,2,point,"79°N, 04°E, (78°45?N, 04°52?E) ",,79,4
10.1371/journal.pone.0026986,https://dx.doi.org/10.1371/journal.pone.0026986,Legacy Effects of Canopy Disturbance on Ecosystem Functioning in Macroalgal Assemblages,PLoS ONE,PLoS,2011,6,10,1,Y,3,Point,"45°11?S, 170°98?E, 42°30?S, 173°30?E, 42°25?S, 173°42?E",,-45.18333,170.15222
10.1371/journal.pone.0023312,https://dx.doi.org/10.1371/journal.pone.0023312,"A Small Mammal Community in a Forest Fragment, Vegetation Corridor and Coffee Matrix System in the Brazilian Atlantic Forest",PLoS ONE,PLoS,2011,6,8,1,Y,1,point,"20°53?57.1?S, 44°50?11.5?W,",,-20.89919,-44.83653
10.1371/journal.pone.0022905,https://dx.doi.org/10.1371/journal.pone.0022905,Predator Diversity and Abundance Provide Little Support for the Enemies Hypothesis in Forests of High Tree Diversity,PLoS ONE,PLoS,2011,6,7,1,Y,1,point,"29°14? N, 118°07? E",,29.23333,118.11667
10.1371/journal.pone.0021265,https://dx.doi.org/10.1371/journal.pone.0021265,Predicting Species Diversity of Benthic Communities within Turbid Nearshore Using Full-Waveform Bathymetric LiDAR and Machine Learners,PLoS ONE,PLoS,2011,6,6,1,Y,1,point,"48°N, 65°W",,48,-65
10.1371/journal.pone.0018982,https://dx.doi.org/10.1371/journal.pone.0018982,Positive Interspecific Relationship between Temporal Occurrence and Abundance in Insects,PLoS ONE,PLoS,2011,6,4,1,Y,1,point,"45°40?N, 61°53?W",,45.66667,-61.88333
10.1371/journal.pone.0016584,https://dx.doi.org/10.1371/journal.pone.0016584,Environmental Conditions Influence the Plant Functional Diversity Effect on Potential Denitrification,PLoS ONE,PLoS,2011,6,2,1,Y,0,point,"Duke University Stream and Wetland Assessment Management Park (SWAMP) along Sandy Creek in the Duke Forest in Durham, NC, USA",,35.99063,-78.95516
10.1371/journal.pone.0009677,https://dx.doi.org/10.1371/journal.pone.0009677,Plant Species and Functional Group Combinations Affect Green Roof Ecosystem Functions,PLoS ONE,PLoS,2010,5,3,1,Y,1,point,"44°39?N, 63°35?W",,44.65,-63.58333
10.1371/journal.pone.0000908,https://dx.doi.org/10.1371/journal.pone.0000908,Changes in Tree Reproductive Traits Reduce Functional Diversity in a Fragmented Atlantic Forest Landscape,PLoS ONE,PLoS,2007,2,9,1,Y,1,point,"8°58?50?S, 36°04?30?W",,-8.98056,-36.075
